urn,title,company,location,link,seniority_level
4201663959,Data Scientist (Global Ranking),PedidosYa,"Berlin, Berlin, Germany",https://de.linkedin.com/jobs/view/data-scientist-global-ranking-at-pedidosya-4201663959,Mid-Senior level
4217454324,Junior Data Scientist (f/m/d),AUTO1 Group,"Berlin, Berlin, Germany",https://de.linkedin.com/jobs/view/junior-data-scientist-f-m-d-at-auto1-group-4217454324,Entry level
4217259778,Machine Learning Engineer (f/m/d),Certivity,"Munich, Bavaria, Germany",https://de.linkedin.com/jobs/view/machine-learning-engineer-f-m-d-at-certivity-4217259778,Mid-Senior level
4180273755,Data Scientist (Global Ranking),Delivery Hero,"Berlin, Berlin, Germany",https://de.linkedin.com/jobs/view/data-scientist-global-ranking-at-delivery-hero-4180273755,Mid-Senior level
4199115609,Data Scientist,Dataiku,"Frankfurt, Hesse, Germany",https://de.linkedin.com/jobs/view/data-scientist-at-dataiku-4199115609,Mid-Senior level
4217294382,Machine Learning Engineer,g2 Recruitment,Stuttgart Region,https://de.linkedin.com/jobs/view/machine-learning-engineer-at-g2-recruitment-4217294382,Associate
4198375616,AI & Data Scientist (a),AMDT,"Landau in der Pfalz, Rhineland-Palatinate, Germany",https://de.linkedin.com/jobs/view/ai-data-scientist-a-at-amdt-4198375616,Mid-Senior level
4217615149,Data Scientist (m/f/d),Knauf IT,"Kitzingen, Bavaria, Germany",https://de.linkedin.com/jobs/view/data-scientist-m-f-d-at-knauf-it-4217615149,Entry level
4217431537,Machine Learning Engineer,Noir,"Lower Saxony, Germany",https://de.linkedin.com/jobs/view/machine-learning-engineer-at-noir-4217431537,Mid-Senior level
4217264009,Applied Optimization Scientist (m/w/d),akeno,"Hamburg, Germany",https://de.linkedin.com/jobs/view/applied-optimization-scientist-m-w-d-at-akeno-4217264009,Associate
4217438940,Data Scientist (m/w/d) - Gigafactory Berlin-Brandenburg,Tesla,"Gr√ºnheide, Brandenburg, Germany",https://de.linkedin.com/jobs/view/data-scientist-m-w-d-gigafactory-berlin-brandenburg-at-tesla-4217438940,Mid-Senior level
4216989002,Deep Learning Intern - 2025,NVIDIA,"Munich, Bavaria, Germany",https://de.linkedin.com/jobs/view/deep-learning-intern-2025-at-nvidia-4216989002,Internship
4215688483,AI Python Software Engineer (w/m/d),VisionAI,"Bielefeld, North Rhine-Westphalia, Germany",https://de.linkedin.com/jobs/view/ai-python-software-engineer-w-m-d-at-visionai-4215688483,Mid-Senior level
4217435064,Data Scientist / Data Analyst - Energiewirtschaft (m|w|d),MITNETZ STROM,Germany,https://de.linkedin.com/jobs/view/data-scientist-data-analyst-energiewirtschaft-m-w-d-at-mitnetz-strom-4217435064,Associate
4192749203,Machine Learning Engineer AI Automation (LLMs),BMG,"Berlin, Berlin, Germany",https://de.linkedin.com/jobs/view/machine-learning-engineer-ai-automation-llms-at-bmg-4192749203,Associate
4218602462,Data Scientist / AI Developer (m/w/d),BRUNO BADER GMBH + CO. KG,"Pforzheim, Baden-W√ºrttemberg, Germany",https://de.linkedin.com/jobs/view/data-scientist-ai-developer-m-w-d-at-bruno-bader-gmbh-%2B-co-kg-4218602462,Mid-Senior level
4218147947,Internship Clinical Data Science,TieTalent,"Baden-W√ºrttemberg, Germany",https://de.linkedin.com/jobs/view/internship-clinical-data-science-at-tietalent-4218147947,Internship
4214733816,Data Scientist (Fluid Dynamics) (m/f/d),Nova Ltd.,"Bad Urach, Baden-W√ºrttemberg, Germany",https://de.linkedin.com/jobs/view/data-scientist-fluid-dynamics-m-f-d-at-nova-ltd-4214733816,Associate
4218420461,DataScience-Manager/in (w/m/d),Bayerische Akademie der Wissenschaften,"Munich, Bavaria, Germany",https://de.linkedin.com/jobs/view/datascience-manager-in-w-m-d-at-bayerische-akademie-der-wissenschaften-4218420461,Mid-Senior level
4218183692,Data Scientist R&D (m/w/d),TieTalent,"Cologne, North Rhine-Westphalia, Germany",https://de.linkedin.com/jobs/view/data-scientist-r-d-m-w-d-at-tietalent-4218183692,Entry level
4200548473,Research Engineering Intern,Microsoft,"Berlin, Berlin, Germany",https://de.linkedin.com/jobs/view/research-engineering-intern-at-microsoft-4200548473,Not Applicable
4217272202,Data Scientist,Bundesanzeiger Verlag GmbH,"Cologne, North Rhine-Westphalia, Germany",https://de.linkedin.com/jobs/view/data-scientist-at-bundesanzeiger-verlag-gmbh-4217272202,Associate
4214785327,AI Solution Engineer (f/m/x),paretos,"Heidelberg, Baden-W√ºrttemberg, Germany",https://de.linkedin.com/jobs/view/ai-solution-engineer-f-m-x-at-paretos-4214785327,Mid-Senior level
4193423218,Lead Data Scientist AI and Forecasting,BMG,"Berlin, Germany",https://de.linkedin.com/jobs/view/lead-data-scientist-ai-and-forecasting-at-bmg-4193423218,Mid-Senior level
4137402798,BI Data Scientist (m/f/d),ABOUT YOU,"Hamburg, Hamburg, Germany",https://de.linkedin.com/jobs/view/bi-data-scientist-m-f-d-at-about-you-4137402798,Entry level
4188457600,Trainee Focus Data Science (m/w/d) - Board Area Germany,Deutsche Telekom,"Bonn, North Rhine-Westphalia, Germany",https://de.linkedin.com/jobs/view/trainee-focus-data-science-m-w-d-board-area-germany-at-deutsche-telekom-4188457600,Internship
4217433185,Data Scientist / Data Analyst - Energiewirtschaft (m|w|d),MITNETZ STROM,"Sachsen, Bavaria, Germany",https://de.linkedin.com/jobs/view/data-scientist-data-analyst-energiewirtschaft-m-w-d-at-mitnetz-strom-4217433185,Associate
4217609809,"Senior Data Scientist, Growth Analytics",Moloco,"Berlin, Berlin, Germany",https://de.linkedin.com/jobs/view/senior-data-scientist-growth-analytics-at-moloco-4217609809,Mid-Senior level
4216043499,(Senior) Data Scientist (Python) (m/w/d),corpuls | GS Elektromedizinische Ger√§te G. Stemple GmbH,"Kaufering, Bavaria, Germany",https://de.linkedin.com/jobs/view/senior-data-scientist-python-m-w-d-at-corpuls-gs-elektromedizinische-ger%C3%A4te-g-stemple-gmbh-4216043499,Mid-Senior level
4215686360,Student / Internship Data Scientists,LexisNexis Risk Solutions,"Karlsruhe, Baden-W√ºrttemberg, Germany",https://de.linkedin.com/jobs/view/student-internship-data-scientists-at-lexisnexis-risk-solutions-4215686360,Internship
4218603493,Creative Technologist / AI Engineer / ML Engineer (m|w|d),Wiethe Group GmbH,"Bremen, Bremen, Germany",https://de.linkedin.com/jobs/view/creative-technologist-ai-engineer-ml-engineer-m-w-d-at-wiethe-group-gmbh-4218603493,Entry level
4217429634,Data Scientist R&D (m/w/d),LANXESS,"Cologne, North Rhine-Westphalia, Germany",https://de.linkedin.com/jobs/view/data-scientist-r-d-m-w-d-at-lanxess-4217429634,Associate
4217673155,Lead NLP Scientist,SproutsAI,"Berlin, Berlin, Germany",https://de.linkedin.com/jobs/view/lead-nlp-scientist-at-sproutsai-4217673155,Not Applicable
4177741062,Software Engineer - Machine Learning,Applied Intuition,"Stuttgart, Baden-W√ºrttemberg, Germany",https://de.linkedin.com/jobs/view/software-engineer-machine-learning-at-applied-intuition-4177741062,Mid-Senior level
4217257225,AI Engineer (m/w/d),We4IT GmbH,"Bremen, Bremen, Germany",https://de.linkedin.com/jobs/view/ai-engineer-m-w-d-at-we4it-gmbh-4217257225,Mid-Senior level
4214789454,"Software Developer (Python, AI, Mobile) - Intern / Working Student (m/f/d)",Bloom Future,"Heilbronn, Baden-W√ºrttemberg, Germany",https://de.linkedin.com/jobs/view/software-developer-python-ai-mobile-intern-working-student-m-f-d-at-bloom-future-4214789454,Internship
4201020740,AI/LLM Engineer (m/w/d),T-Systems International,"Berlin, Berlin, Germany",https://de.linkedin.com/jobs/view/ai-llm-engineer-m-w-d-at-t-systems-international-4201020740,Entry level
4201024363,AI/LLM Engineer (m/w/d),T-Systems International,"Munich, Bavaria, Germany",https://de.linkedin.com/jobs/view/ai-llm-engineer-m-w-d-at-t-systems-international-4201024363,Entry level
4105576707,(Junior) Consultant Data Science & Artificial Intelligence (m/w/d),BearingPoint,"Frankfurt, Hesse, Germany",https://de.linkedin.com/jobs/view/junior-consultant-data-science-artificial-intelligence-m-w-d-at-bearingpoint-4105576707,Entry level
4216049865,Python KI Software Entwickler (m/w/d),engAIge GmbH,Germany,https://de.linkedin.com/jobs/view/python-ki-software-entwickler-m-w-d-at-engaige-gmbh-4216049865,Not Applicable
4214787616,Data Scientist Predictive Maintenance (m/w/d),Working Talent Deutschland,"Neustadt am R√ºbenberge, Lower Saxony, Germany",https://de.linkedin.com/jobs/view/data-scientist-predictive-maintenance-m-w-d-at-working-talent-deutschland-4214787616,Entry level
4218603477,Solutions Engineering Internship,Seqana,"Berlin, Berlin, Germany",https://de.linkedin.com/jobs/view/solutions-engineering-internship-at-seqana-4218603477,Internship
4201026268,AI/LLM Engineer (m/w/d),T-Systems International,"Frankfurt, Hesse, Germany",https://de.linkedin.com/jobs/view/ai-llm-engineer-m-w-d-at-t-systems-international-4201026268,Entry level
4201023449,AI/LLM Engineer (m/w/d),T-Systems International,"D√ºsseldorf, North Rhine-Westphalia, Germany",https://de.linkedin.com/jobs/view/ai-llm-engineer-m-w-d-at-t-systems-international-4201023449,Entry level
4201023451,AI/LLM Engineer (m/w/d),T-Systems International,"Bonn, North Rhine-Westphalia, Germany",https://de.linkedin.com/jobs/view/ai-llm-engineer-m-w-d-at-t-systems-international-4201023451,Entry level
4217292173,Python Developer,IBU Consulting,"Mannheim, Baden-W√ºrttemberg, Germany",https://de.linkedin.com/jobs/view/python-developer-at-ibu-consulting-4217292173,Mid-Senior level
4200151905,"Applied Scientist, EUCF L&D, EUCF L&D LEAP team",Amazon,"Berlin, Berlin, Germany",https://de.linkedin.com/jobs/view/applied-scientist-eucf-l-d-eucf-l-d-leap-team-at-amazon-4200151905,Not Applicable
4214268537,AI Engineer (m/f/x),osapiens,"Mannheim, Baden-W√ºrttemberg, Germany",https://de.linkedin.com/jobs/view/ai-engineer-m-f-x-at-osapiens-4214268537,Mid-Senior level
4201023453,AI/LLM Engineer (m/w/d),T-Systems International,"Hamburg, Hamburg, Germany",https://de.linkedin.com/jobs/view/ai-llm-engineer-m-w-d-at-t-systems-international-4201023453,Entry level
4217610018,Head of Data Science and Machine Learning,On,"Berlin, Berlin, Germany",https://de.linkedin.com/jobs/view/head-of-data-science-and-machine-learning-at-on-4217610018,Executive
3913771693,Senior Data Scientist,Index Exchange,"Berlin, Berlin, Germany",https://de.linkedin.com/jobs/view/senior-data-scientist-at-index-exchange-3913771693,Mid-Senior level
4137633017,Artificial Intelligence for Video Compression - Research Scientist,Qualcomm,"Munich, Bavaria, Germany",https://de.linkedin.com/jobs/view/artificial-intelligence-for-video-compression-research-scientist-at-qualcomm-4137633017,Not Applicable
4201026270,AI/LLM Engineer (m/w/d),T-Systems International,"Darmstadt, Hesse, Germany",https://de.linkedin.com/jobs/view/ai-llm-engineer-m-w-d-at-t-systems-international-4201026270,Entry level
4215533238,Senior Data Scientist - Marketing Science,BoF Careers,"Berlin, Berlin, Germany",https://de.linkedin.com/jobs/view/senior-data-scientist-marketing-science-at-bof-careers-4215533238,Mid-Senior level
4200136991,Senior Data Scientist / Data Engineer Capital Markets m/w/d,DZ BANK AG,"Frankfurt am Main, Hesse, Germany",https://de.linkedin.com/jobs/view/senior-data-scientist-data-engineer-capital-markets-m-w-d-at-dz-bank-ag-4200136991,Associate
4216024443,(Senior) AI/ML Engineer -Embedded/Automotive Performance Optimization (f/m/d),Cinemo,"Karlsruhe, Baden-W√ºrttemberg, Germany",https://de.linkedin.com/jobs/view/senior-ai-ml-engineer-embedded-automotive-performance-optimization-f-m-d-at-cinemo-4216024443,Associate
4217249953,Senior Data Scientist / Senior AI Engineer (mwd),HMS Analytical Software | Consulting & End-to-End Solutions for Data Science & Analytics,"Berlin, Berlin, Germany",https://de.linkedin.com/jobs/view/senior-data-scientist-senior-ai-engineer-mwd-at-hms-analytical-software-consulting-end-to-end-solutions-for-data-science-analytics-4217249953,Mid-Senior level
4182942276,Junior Development Engineer (m/f/d),HygroMatik GmbH,"Henstedt, Schleswig-Holstein, Germany",https://de.linkedin.com/jobs/view/junior-development-engineer-m-f-d-at-hygromatik-gmbh-4182942276,Entry level
4182901472,Senior Data Scientist (f/m/d),Cinemo,"Karlsruhe, Baden-W√ºrttemberg, Germany",https://de.linkedin.com/jobs/view/senior-data-scientist-f-m-d-at-cinemo-4182901472,Associate
4215505878,Data Scientist* Computer Vision,Fraunhofer IAIS,"Sankt Augustin, North Rhine-Westphalia, Germany",https://de.linkedin.com/jobs/view/data-scientist-computer-vision-at-fraunhofer-iais-4215505878,Entry level
4215506883,Data Scientist Arabic NLP,Fraunhofer IAIS,"Sankt Augustin, North Rhine-Westphalia, Germany",https://de.linkedin.com/jobs/view/data-scientist-arabic-nlp-at-fraunhofer-iais-4215506883,Entry level
4183850002,"Software Development Engineer, Ads Product (m / f / d)",Omio,"Berlin, Berlin, Germany",https://de.linkedin.com/jobs/view/software-development-engineer-ads-product-m-f-d-at-omio-4183850002,Mid-Senior level
4215600941,Experte Analytik Chromatographie (m/w/d),WESSLING part of ALS,"Landsberg, Saxony-Anhalt, Germany",https://de.linkedin.com/jobs/view/experte-analytik-chromatographie-m-w-d-at-wessling-part-of-als-4215600941,Entry level
4216767937,Data Scientist AIOPs (m/w/d),Telef√≥nica Germany,"D√ºsseldorf, North Rhine-Westphalia, Germany",https://de.linkedin.com/jobs/view/data-scientist-aiops-m-w-d-at-telef%C3%B3nica-germany-4216767937,Mid-Senior level
4218607127,Masterarbeit: Filtering and Prioritizing Software Vulnerabilities with Artificial Intelligence,Fraunhofer-Alumni e.V.,"Paderborn, North Rhine-Westphalia, Germany",https://de.linkedin.com/jobs/view/masterarbeit-filtering-and-prioritizing-software-vulnerabilities-with-artificial-intelligence-at-fraunhofer-alumni-e-v-4218607127,Error
4214261887,Python Developer,Adroit People Limited (UK),"Mannheim, Baden-W√ºrttemberg, Germany",https://de.linkedin.com/jobs/view/python-developer-at-adroit-people-limited-uk-4214261887,Mid-Senior level
4214281390,Research Assistant (m/f/d) - Deep Learning,Universit√§t Rostock,"Rostock, Mecklenburg-West Pomerania, Germany",https://de.linkedin.com/jobs/view/research-assistant-m-f-d-deep-learning-at-universit%C3%A4t-rostock-4214281390,Entry level
4200930498,Machine Learning Engineering Lead (m/f/d) - Hamburg,FREENOW,"Hamburg, Hamburg, Germany",https://de.linkedin.com/jobs/view/machine-learning-engineering-lead-m-f-d-hamburg-at-freenow-4200930498,Mid-Senior level
4182916055,(Senior) Machine Learning Engineer (f/m/d),Cinemo,"Karlsruhe, Baden-W√ºrttemberg, Germany",https://de.linkedin.com/jobs/view/senior-machine-learning-engineer-f-m-d-at-cinemo-4182916055,Mid-Senior level
4216769772,Data Scientist AIOPs (m/w/d),Telef√≥nica Germany,Greater Munich Metropolitan Area,https://de.linkedin.com/jobs/view/data-scientist-aiops-m-w-d-at-telef%C3%B3nica-germany-4216769772,Mid-Senior level
4217652203,AI Engineer (m/w/d),TieTalent,"Burgdorf, Lower Saxony, Germany",https://de.linkedin.com/jobs/view/ai-engineer-m-w-d-at-tietalent-4217652203,Entry level
4215699512,Student Analyst / Data Scientist ‚Äì Power & Hydrogen Markets (Internship or Working Student),LexisNexis Risk Solutions,"Karlsruhe, Baden-W√ºrttemberg, Germany",https://de.linkedin.com/jobs/view/student-analyst-data-scientist-%E2%80%93-power-hydrogen-markets-internship-or-working-student-at-lexisnexis-risk-solutions-4215699512,Internship
4217262814,Senior Python Software Engineer,Unique,"Berlin, Germany",https://de.linkedin.com/jobs/view/senior-python-software-engineer-at-unique-4217262814,Mid-Senior level
4218607123,Bewirb Dich hier als Plichtpraktikant*in,Fraunhofer-Alumni e.V.,"Stuttgart, Baden-W√ºrttemberg, Germany",https://de.linkedin.com/jobs/view/bewirb-dich-hier-als-plichtpraktikant-in-at-fraunhofer-alumni-e-v-4218607123,Internship
4136752019,AI Inference Engineer - Large Language Models (f/m/d),Aleph Alpha,"Berlin, Berlin, Germany",https://de.linkedin.com/jobs/view/ai-inference-engineer-large-language-models-f-m-d-at-aleph-alpha-4136752019,Entry level
4199197949,(Senior) Consultant Data Science - AI and Data (w/m/d),EY,"Stuttgart, Baden-W√ºrttemberg, Germany",https://de.linkedin.com/jobs/view/senior-consultant-data-science-ai-and-data-w-m-d-at-ey-4199197949,Mid-Senior level
4217413596,(Junior) Solution Engineer m/w/d,Empolis Information Management GmbH,"W√ºrzburg, Bavaria, Germany",https://de.linkedin.com/jobs/view/junior-solution-engineer-m-w-d-at-empolis-information-management-gmbh-4217413596,Entry level
4218184305,Senior Data Scientist (m/w/d) in M√ºnster,TieTalent,"M√ºnster, North Rhine-Westphalia, Germany",https://de.linkedin.com/jobs/view/senior-data-scientist-m-w-d-in-m%C3%BCnster-at-tietalent-4218184305,Mid-Senior level
4216005029,Team Lead Data Scientist ‚Äì GenAI (m/f/d),LexisNexis Risk Solutions,"Karlsruhe, Baden-W√ºrttemberg, Germany",https://de.linkedin.com/jobs/view/team-lead-data-scientist-%E2%80%93-genai-m-f-d-at-lexisnexis-risk-solutions-4216005029,Mid-Senior level
4201599692,"Sr. Applied Scientist, Engine AI Center of Excellence (AICE)",Amazon,"Berlin, Germany",https://de.linkedin.com/jobs/view/sr-applied-scientist-engine-ai-center-of-excellence-aice-at-amazon-4201599692,Mid-Senior level
4184446350,Werkstudent Data Scientist (m/w/d),PATRIZIA SE,"Augsburg, Bavaria, Germany",https://de.linkedin.com/jobs/view/werkstudent-data-scientist-m-w-d-at-patrizia-se-4184446350,Internship
4210883174,(Senior) Software Engineer ‚Äì Connectivity in Cell Factory Systems (m|f|d),Miltenyi Biotec,"Bergisch Gladbach, North Rhine-Westphalia, Germany",https://de.linkedin.com/jobs/view/senior-software-engineer-%E2%80%93-connectivity-in-cell-factory-systems-m-f-d-at-miltenyi-biotec-4210883174,Associate
4215214785,Head of Data Science and Machine Learning,BoF Careers,"Berlin, Berlin, Germany",https://de.linkedin.com/jobs/view/head-of-data-science-and-machine-learning-at-bof-careers-4215214785,Executive
4217615813,"Junior GenAI Entwickler:in, remote (m/w/d)",dreifach.ai,"Cologne, North Rhine-Westphalia, Germany",https://de.linkedin.com/jobs/view/junior-genai-entwickler-in-remote-m-w-d-at-dreifach-ai-4217615813,Entry level
4182912635,(Senior) AI/ML Security Engineer (f/m/d),Cinemo,"Karlsruhe, Baden-W√ºrttemberg, Germany",https://de.linkedin.com/jobs/view/senior-ai-ml-security-engineer-f-m-d-at-cinemo-4182912635,Mid-Senior level
4218606192,ERGREIF DIE INITIATIVE,Fraunhofer-Alumni e.V.,"Kaiserslautern, Rhineland-Palatinate, Germany",https://de.linkedin.com/jobs/view/ergreif-die-initiative-at-fraunhofer-alumni-e-v-4218606192,Entry level
4217642774,"Software Engineer ‚Äì Tracking, Sensor Fusion & Autonomous Systems (m/f/d)",Autonomous Teaming,"Munich, Bavaria, Germany",https://de.linkedin.com/jobs/view/software-engineer-%E2%80%93-tracking-sensor-fusion-autonomous-systems-m-f-d-at-autonomous-teaming-4217642774,Mid-Senior level
4113634643,SPS Programmierer (all gender),ALTEN Germany,Greater Munich Metropolitan Area,https://de.linkedin.com/jobs/view/sps-programmierer-all-gender-at-alten-germany-4113634643,Associate
4215506884,Data Scientist f√ºr Arabic NLP in Teilzeit mit Promotionsm√∂glichkeit,Fraunhofer IAIS,"Sankt Augustin, North Rhine-Westphalia, Germany",https://de.linkedin.com/jobs/view/data-scientist-f%C3%BCr-arabic-nlp-in-teilzeit-mit-promotionsm%C3%B6glichkeit-at-fraunhofer-iais-4215506884,Entry level
4139167875,Student/in Bachelor of Science - Data Science und k√ºnstliche Intelligenz 2025 (m/w/d),INTERSPORT Deutschland e.G.,"Heilbronn, Baden-W√ºrttemberg, Germany",https://de.linkedin.com/jobs/view/student-in-bachelor-of-science-data-science-und-k%C3%BCnstliche-intelligenz-2025-m-w-d-at-intersport-deutschland-e-g-4139167875,Internship
4216031970,React Developer:in (m/w/d) im K√∂lner Startup (IT-Entwickler/in (Weiterbildung/Ausbildung)),GreenPocket GmbH,"Cologne, North Rhine-Westphalia, Germany",https://de.linkedin.com/jobs/view/react-developer-in-m-w-d-im-k%C3%B6lner-startup-it-entwickler-in-weiterbildung-ausbildung-at-greenpocket-gmbh-4216031970,Entry level
4214287238,Hackers wanted ‚Äì Software Engineers,freiheit.com technologies,"Hamburg, Germany",https://de.linkedin.com/jobs/view/hackers-wanted-%E2%80%93-software-engineers-at-freiheit-com-technologies-4214287238,Associate
4217468790,Application Engineer,Nitta Industries Europe GmbH,"D√ºsseldorf, North Rhine-Westphalia, Germany",https://de.linkedin.com/jobs/view/application-engineer-at-nitta-industries-europe-gmbh-4217468790,Entry level
4217421131,HIL Resident Engineer in Computer Vision,Technology & Strategy,"Munich, Bavaria, Germany",https://de.linkedin.com/jobs/view/hil-resident-engineer-in-computer-vision-at-technology-strategy-4217421131,Mid-Senior level
4199400464,(Senior) Consultant Data Science - AI and Data (w/m/d),EY,"D√ºsseldorf, North Rhine-Westphalia, Germany",https://de.linkedin.com/jobs/view/senior-consultant-data-science-ai-and-data-w-m-d-at-ey-4199400464,Mid-Senior level
4216059080,Senior Entwickler K√ºnstliche Intelligenz (m/w/d),Boden & Bauschutt GmbH & Co. KGaA,"Berlin, Berlin, Germany",https://de.linkedin.com/jobs/view/senior-entwickler-k%C3%BCnstliche-intelligenz-m-w-d-at-boden-bauschutt-gmbh-co-kgaa-4216059080,Mid-Senior level
4218146614,Software Entwickler Simulation / K√ºnstliche Intelligenz (KI) (d/f/m) - Inklusiver Job ü¶º ü¶ª ü¶Ø,TieTalent,"Baden-W√ºrttemberg, Germany",https://de.linkedin.com/jobs/view/software-entwickler-simulation-k%C3%BCnstliche-intelligenz-ki-d-f-m-inklusiver-job-%F0%9F%A6%BC-%F0%9F%A6%BB-%F0%9F%A6%AF-at-tietalent-4218146614,Entry level
4214253502,Generative AI (Senior) Engineer,NEC Laboratories Europe,"Heidelberg, Baden-W√ºrttemberg, Germany",https://de.linkedin.com/jobs/view/generative-ai-senior-engineer-at-nec-laboratories-europe-4214253502,Mid-Senior level
4215669638,Any Talent (human),DataCraft,Germany,https://de.linkedin.com/jobs/view/any-talent-human-at-datacraft-4215669638,Internship
4217281808,Python Backend Engineer (f/m/d),MARKT-PILOT,"Stuttgart, Baden-W√ºrttemberg, Germany",https://de.linkedin.com/jobs/view/python-backend-engineer-f-m-d-at-markt-pilot-4217281808,Associate
4217222560,Founding Full Stack Engineer @ ClimateTech Startup,VARM,"Berlin, Berlin, Germany",https://de.linkedin.com/jobs/view/founding-full-stack-engineer-%40-climatetech-startup-at-varm-4217222560,Mid-Senior level
4217903679,Simulator Software Engineer (m/f/d),XTENDED ENGINEERING GMBH,"Munich, Bavaria, Germany",https://de.linkedin.com/jobs/view/simulator-software-engineer-m-f-d-at-xtended-engineering-gmbh-4217903679,Entry level
3733043080,Senior Artificial Intelligence Specialist (all genders),adesso SE,"M√ºnster, North Rhine-Westphalia, Germany",https://de.linkedin.com/jobs/view/senior-artificial-intelligence-specialist-all-genders-at-adesso-se-3733043080,Mid-Senior level
4217442859,React Developer (Junior-Mid) - Regensburg,Noir,"Regensburg, Bavaria, Germany",https://de.linkedin.com/jobs/view/react-developer-junior-mid-regensburg-at-noir-4217442859,Mid-Senior level
4216034545,Software Engineer- Ruby on Rails (f/m/d),Propstack,"Berlin, Berlin, Germany",https://de.linkedin.com/jobs/view/software-engineer-ruby-on-rails-f-m-d-at-propstack-4216034545,Mid-Senior level
4217608558,Scientific Software Engineer - Atmospheric Composition Monitoring and Forecasting,European Centre for Medium-Range Weather Forecasts - ECMWF,"Bonn, North Rhine-Westphalia, Germany",https://de.linkedin.com/jobs/view/scientific-software-engineer-atmospheric-composition-monitoring-and-forecasting-at-european-centre-for-medium-range-weather-forecasts-ecmwf-4217608558,Entry level
4218606106,Automated Tests Engineer Working Student (m/f/d),Maddox AI,"Berlin, Berlin, Germany",https://de.linkedin.com/jobs/view/automated-tests-engineer-working-student-m-f-d-at-maddox-ai-4218606106,Internship
4217645641,Cloud Developer:in / Senior Machine Learning Engineer (d/m/w),TieTalent,"Freiburg, Baden-W√ºrttemberg, Germany",https://de.linkedin.com/jobs/view/cloud-developer-in-senior-machine-learning-engineer-d-m-w-at-tietalent-4217645641,Mid-Senior level
4217265325,Unreal Developer,Digital Waffle,"Munich, Bavaria, Germany",https://de.linkedin.com/jobs/view/unreal-developer-at-digital-waffle-4217265325,Mid-Senior level
4215665129,Senior Python Entwickler (m/w/d) - Erneuerbare Energien Startup,noxt! engineering GmbH,"Osnabr√ºck, Lower Saxony, Germany",https://de.linkedin.com/jobs/view/senior-python-entwickler-m-w-d-erneuerbare-energien-startup-at-noxt%21-engineering-gmbh-4215665129,Mid-Senior level
4199446443,Software Engineer - Process Mining Algorithms,Celonis,"Munich, Bavaria, Germany",https://de.linkedin.com/jobs/view/software-engineer-process-mining-algorithms-at-celonis-4199446443,Not Applicable
3958203441,Manager AI Engineer / Full Stack Engineer (m/w/d) in Frankfurt (Main),Deloitte,"Frankfurt am Main, Hesse, Germany",https://de.linkedin.com/jobs/view/manager-ai-engineer-full-stack-engineer-m-w-d-in-frankfurt-main-at-deloitte-3958203441,Mid-Senior level
4201324501,Software Engineer (m/w/d),Deutsche Telekom,"Berlin, Berlin, Germany",https://de.linkedin.com/jobs/view/software-engineer-m-w-d-at-deutsche-telekom-4201324501,Entry level
4201319906,Software Engineer (m/w/d),Deutsche Telekom,"Munich, Bavaria, Germany",https://de.linkedin.com/jobs/view/software-engineer-m-w-d-at-deutsche-telekom-4201319906,Entry level
4215654313,Backend Developer (m/w/d) in Pet Tech Startup,Daphnee | Connected Pet Care,"Munich, Bavaria, Germany",https://de.linkedin.com/jobs/view/backend-developer-m-w-d-in-pet-tech-startup-at-daphnee-connected-pet-care-4215654313,Mid-Senior level
4217495193,Senior Solutions Engineer,Okta,Germany,https://de.linkedin.com/jobs/view/senior-solutions-engineer-at-okta-4217495193,Not Applicable
4216070368,Werkstudent AI Developer- Taktile Robot Skills (m/w/d),robominds GmbH,"Munich, Bavaria, Germany",https://de.linkedin.com/jobs/view/werkstudent-ai-developer-taktile-robot-skills-m-w-d-at-robominds-gmbh-4216070368,Internship
4122174188,Test Engineer I&C (all gender),ALTEN Germany,"Erlangen, Bavaria, Germany",https://de.linkedin.com/jobs/view/test-engineer-i-c-all-gender-at-alten-germany-4122174188,Associate
4182369519,Backend Developer (m/w/d),DWPT Deutsche Wertpapiertreuhand GmbH,Greater Nuremberg Metropolitan Area,https://de.linkedin.com/jobs/view/backend-developer-m-w-d-at-dwpt-deutsche-wertpapiertreuhand-gmbh-4182369519,Entry level
4201323597,Software Engineer (m/w/d),Deutsche Telekom,"Hamburg, Hamburg, Germany",https://de.linkedin.com/jobs/view/software-engineer-m-w-d-at-deutsche-telekom-4201323597,Entry level
4090964472,Programmierer Simulator Applikationen (all gender),ALTEN Germany,"Erlangen, Bavaria, Germany",https://de.linkedin.com/jobs/view/programmierer-simulator-applikationen-all-gender-at-alten-germany-4090964472,Associate
4218155112,Software Developer Frontend React,Instaffo,"Saarbr√ºcken, Saarland, Germany",https://de.linkedin.com/jobs/view/software-developer-frontend-react-at-instaffo-4218155112,Mid-Senior level
4201326227,Software Engineer (m/w/d),Deutsche Telekom,"Nuremberg, Bavaria, Germany",https://de.linkedin.com/jobs/view/software-engineer-m-w-d-at-deutsche-telekom-4201326227,Entry level
4215676194,Software Developer,Onepixa,Germany,https://de.linkedin.com/jobs/view/software-developer-at-onepixa-4215676194,Entry level
4215579138,Software Engineer (m/w/d) ‚Äì Industrie 4.0 & Eventbasierte Architekturen f√ºr den Standort Wipperf√ºrth,VOSS Fluid,"Wipperf√ºrth, North Rhine-Westphalia, Germany",https://de.linkedin.com/jobs/view/software-engineer-m-w-d-%E2%80%93-industrie-4-0-eventbasierte-architekturen-f%C3%BCr-den-standort-wipperf%C3%BCrth-at-voss-fluid-4215579138,Mid-Senior level
4218656303,Software Engineer - Monitoring & Observability Engineering (m/w/d),TieTalent,"Rendsburg, Schleswig-Holstein, Germany",https://de.linkedin.com/jobs/view/software-engineer-monitoring-observability-engineering-m-w-d-at-tietalent-4218656303,Entry level
4199168186,Software-Architekt (all gender),ALTEN Germany,"Kiel, Schleswig-Holstein, Germany",https://de.linkedin.com/jobs/view/software-architekt-all-gender-at-alten-germany-4199168186,Associate
4187794025,Algorithm Development Engineer m/w/d,Align Technology,"Darmstadt, Hesse, Germany",https://de.linkedin.com/jobs/view/algorithm-development-engineer-m-w-d-at-align-technology-4187794025,Mid-Senior level
4047072261,2025 Graduate Software Dev Engineer,Amazon Web Services (AWS),"Munich, Bavaria, Germany",https://de.linkedin.com/jobs/view/2025-graduate-software-dev-engineer-at-amazon-web-services-aws-4047072261,Entry level
4217255345,Software Engineer (Cloud),Entrix,"Munich, Bavaria, Germany",https://de.linkedin.com/jobs/view/software-engineer-cloud-at-entrix-4217255345,Entry level
4215665022,Softwareentwickler f√ºr interne Full-Stack-Entwicklung (Python) (M|W|D),SoftAutoMateAI,"Bochum, North Rhine-Westphalia, Germany",https://de.linkedin.com/jobs/view/softwareentwickler-f%C3%BCr-interne-full-stack-entwicklung-python-m-w-d-at-softautomateai-4215665022,Entry level
4214787801,Internship/Praktikum - Data Engineer (w/m/d) - unbezahlt - Remote,MOX Wochenbett-Box,Germany,https://de.linkedin.com/jobs/view/internship-praktikum-data-engineer-w-m-d-unbezahlt-remote-at-mox-wochenbett-box-4214787801,Internship
4181556002,Director - Modelling & Meta-Analysis - ITC,OPEN Health,Germany,https://de.linkedin.com/jobs/view/director-modelling-meta-analysis-itc-at-open-health-4181556002,Director
4217973210,Software Engineer - Monitoring & Observability Engineering (m/w/d),TieTalent,"Quickborn, Schleswig-Holstein, Germany",https://de.linkedin.com/jobs/view/software-engineer-monitoring-observability-engineering-m-w-d-at-tietalent-4217973210,Entry level
4216078552,(Senior-) KI-Software Engineer (m/w/d),Solve42 GmbH,"Mannheim, Baden-W√ºrttemberg, Germany",https://de.linkedin.com/jobs/view/senior-ki-software-engineer-m-w-d-at-solve42-gmbh-4216078552,Associate
4217925900,Software Developer**,Robert Koch Institute,"Berlin, Berlin, Germany",https://de.linkedin.com/jobs/view/software-developer-at-robert-koch-institute-4217925900,Entry level
4217256246,Software-Entwickler f√ºr Drohnen (m/w/d),Emqopter,"W√ºrzburg, Bavaria, Germany",https://de.linkedin.com/jobs/view/software-entwickler-f%C3%BCr-drohnen-m-w-d-at-emqopter-4217256246,Entry level
4214287137,Functional Safety Engineer (all gender),ALTEN Germany,"Munich, Bavaria, Germany",https://de.linkedin.com/jobs/view/functional-safety-engineer-all-gender-at-alten-germany-4214287137,Associate
4182882014,Sr. Algorithm Development Engineer,Align Technology,"Darmstadt, Hesse, Germany",https://de.linkedin.com/jobs/view/sr-algorithm-development-engineer-at-align-technology-4182882014,Mid-Senior level
4201395254,Software Engineer,Microsoft,"Mecklenburg, Mecklenburg-West Pomerania, Germany",https://de.linkedin.com/jobs/view/software-engineer-at-microsoft-4201395254,Not Applicable
4216014289,Full Stack Software Engineer (m/f/d),Machine Learning Reply GmbH,"Berlin, Berlin, Germany",https://de.linkedin.com/jobs/view/full-stack-software-engineer-m-f-d-at-machine-learning-reply-gmbh-4216014289,Entry level
4216792456,Automotive Test Engineer (Chinese speaking),ThunderSoft,"Stuttgart, Baden-W√ºrttemberg, Germany",https://de.linkedin.com/jobs/view/automotive-test-engineer-chinese-speaking-at-thundersoft-4216792456,Entry level
4127286865,Softwareentwickler Fahrzeugsimulation (all gender),ALTEN Germany,Greater Munich Metropolitan Area,https://de.linkedin.com/jobs/view/softwareentwickler-fahrzeugsimulation-all-gender-at-alten-germany-4127286865,Not Applicable
4217495192,Principal Solution Engineer,Okta,Germany,https://de.linkedin.com/jobs/view/principal-solution-engineer-at-okta-4217495192,Not Applicable
4218149410,(Junior) Cloud Engineer (m/w/x) - Inklusiver Job ü¶º ü¶ª ü¶Ø,TieTalent,"Harsewinkel, North Rhine-Westphalia, Germany",https://de.linkedin.com/jobs/view/junior-cloud-engineer-m-w-x-inklusiver-job-%F0%9F%A6%BC-%F0%9F%A6%BB-%F0%9F%A6%AF-at-tietalent-4218149410,Entry level
4218606182,Abschlussarbeit: Simulation Design in Unreal Engine 5,Fraunhofer-Alumni e.V.,"Paderborn, North Rhine-Westphalia, Germany",https://de.linkedin.com/jobs/view/abschlussarbeit-simulation-design-in-unreal-engine-5-at-fraunhofer-alumni-e-v-4218606182,Internship
4158617515,Senior Fullstack Engineer,Huspy,Germany,https://de.linkedin.com/jobs/view/senior-fullstack-engineer-at-huspy-4158617515,Mid-Senior level
4218162357,Chat- und Voicebot Engineer (gn),TieTalent,"Neckarsulm, Baden-W√ºrttemberg, Germany",https://de.linkedin.com/jobs/view/chat-und-voicebot-engineer-gn-at-tietalent-4218162357,Entry level
4218489412,Senior Software Developer (f/m/d),MOBIS Parts Europe N.V.,"Eschborn, Hesse, Germany",https://de.linkedin.com/jobs/view/senior-software-developer-f-m-d-at-mobis-parts-europe-n-v-4218489412,Mid-Senior level
4201098934,Lead Engineer (f/m/x),Deutsche Bank,"Frankfurt, Hesse, Germany",https://de.linkedin.com/jobs/view/lead-engineer-f-m-x-at-deutsche-bank-4201098934,Not Applicable
4193216934,Java Softwarearchitekt:in REMOTE,SymBio.,"Rhineland-Palatinate, Germany",https://de.linkedin.com/jobs/view/java-softwarearchitekt-in-remote-at-symbio-4193216934,Associate
4217288616,App-Entwickler (m/w/d) f√ºr B2B-Online-Shop,TECFELD,"Hamburg, Hamburg, Germany",https://de.linkedin.com/jobs/view/app-entwickler-m-w-d-f%C3%BCr-b2b-online-shop-at-tecfeld-4217288616,Entry level
3966588520,Software Engineer,Applied Intuition,"Munich, Bavaria, Germany",https://de.linkedin.com/jobs/view/software-engineer-at-applied-intuition-3966588520,Mid-Senior level
4200873151,DevOps Engineer (m/f/d),Verisk,"Cologne, North Rhine-Westphalia, Germany",https://de.linkedin.com/jobs/view/devops-engineer-m-f-d-at-verisk-4200873151,Mid-Senior level
4217281638,Automation Test Engineer (m/f/d),Mynaric,"Munich, Bavaria, Germany",https://de.linkedin.com/jobs/view/automation-test-engineer-m-f-d-at-mynaric-4217281638,Mid-Senior level
4213961015,Developer / Solution Engineer (f/m/d),Positive Minds GmbH,"Leipzig, Saxony, Germany",https://de.linkedin.com/jobs/view/developer-solution-engineer-f-m-d-at-positive-minds-gmbh-4213961015,Mid-Senior level
4215162665,Software Entwickler (d/m/w) Identifizierung und Klassifizierung,Airbus,"Ulm, Baden-W√ºrttemberg, Germany",https://de.linkedin.com/jobs/view/software-entwickler-d-m-w-identifizierung-und-klassifizierung-at-airbus-4215162665,Entry level
4214251912,Entwicklungsingenieur (m/w/d) im Bereich Robotik f√ºr unbemannte Landsysteme,Diehl Defence,"√úberlingen, Baden-W√ºrttemberg, Germany",https://de.linkedin.com/jobs/view/entwicklungsingenieur-m-w-d-im-bereich-robotik-f%C3%BCr-unbemannte-landsysteme-at-diehl-defence-4214251912,Entry level
4216030890,Fullstack Developer (m/w/d),deborate GmbH,"Unterhaching, Bavaria, Germany",https://de.linkedin.com/jobs/view/fullstack-developer-m-w-d-at-deborate-gmbh-4216030890,Entry level
3733036893,Software Developer MES / IIoT (all genders),adesso SE,"Ulm, Baden-W√ºrttemberg, Germany",https://de.linkedin.com/jobs/view/software-developer-mes-iiot-all-genders-at-adesso-se-3733036893,Entry level
4137447274,Senior Software Engineer Python (all genders),adesso SE,"Berlin, Berlin, Germany",https://de.linkedin.com/jobs/view/senior-software-engineer-python-all-genders-at-adesso-se-4137447274,Mid-Senior level
4214748369,Team Lead Data Science Engineering,Instaffo,"Essen, North Rhine-Westphalia, Germany",https://de.linkedin.com/jobs/view/team-lead-data-science-engineering-at-instaffo-4214748369,Mid-Senior level
4215633572,Frontend Developer Student (DE),excentos Software GmbH,"Potsdam, Brandenburg, Germany",https://de.linkedin.com/jobs/view/frontend-developer-student-de-at-excentos-software-gmbh-4215633572,Internship
4218446175,Frontend FullStack Entwickler,Instaffo,"Laupheim, Baden-W√ºrttemberg, Germany",https://de.linkedin.com/jobs/view/frontend-fullstack-entwickler-at-instaffo-4218446175,Mid-Senior level
4201304003,Lead Engineer (f/m/x) ‚ÄìsDDA Data,Deutsche Bank,"Berlin, Berlin, Germany",https://de.linkedin.com/jobs/view/lead-engineer-f-m-x-%E2%80%93sdda-data-at-deutsche-bank-4201304003,Not Applicable
4177131308,Software Engineer,Applied Intuition,"Stuttgart, Baden-W√ºrttemberg, Germany",https://de.linkedin.com/jobs/view/software-engineer-at-applied-intuition-4177131308,Mid-Senior level
4217602327,Frontend Web Developer (all genders),TeamViewer,"Bremen, Bremen, Germany",https://de.linkedin.com/jobs/view/frontend-web-developer-all-genders-at-teamviewer-4217602327,Mid-Senior level
4218608433,DevOps Engineer (f/m/d),THE CT ENGINEERING GROUP,"Ingolstadt, Bavaria, Germany",https://de.linkedin.com/jobs/view/devops-engineer-f-m-d-at-the-ct-engineering-group-4218608433,Mid-Senior level
4214265754,"Senior AdOps Engineer (Europe, Remote, m, d, f)",Factor Eleven,Germany,https://de.linkedin.com/jobs/view/senior-adops-engineer-europe-remote-m-d-f-at-factor-eleven-4214265754,Mid-Senior level
3813489976,Webentwickler React / Angular (all gender),ALTEN Germany,"Munich, Bavaria, Germany",https://de.linkedin.com/jobs/view/webentwickler-react-angular-all-gender-at-alten-germany-3813489976,Entry level
4217607590,DevOps-Ingenieur:in,ZABEL,"Berlin, Germany",https://de.linkedin.com/jobs/view/devops-ingenieur-in-at-zabel-4217607590,Associate
4217403081,Full Stack Developer (m/f/d),360X,"Frankfurt, Hesse, Germany",https://de.linkedin.com/jobs/view/full-stack-developer-m-f-d-at-360x-4217403081,Mid-Senior level
4216013307,Programmierer (m/w/d) f√ºr die SPS- / Roboterprogrammierung,de Man Automation + Service GmbH & Co. KG,"Borgholzhausen, North Rhine-Westphalia, Germany",https://de.linkedin.com/jobs/view/programmierer-m-w-d-f%C3%BCr-die-sps-roboterprogrammierung-at-de-man-automation-%2B-service-gmbh-co-kg-4216013307,Entry level
4215691976,Applied Mathematician - Polish (Poland),Outlier,"Frankfurt, Hesse, Germany",https://de.linkedin.com/jobs/view/applied-mathematician-polish-poland-at-outlier-4215691976,Entry level
4182998380,Senior Fullstack Engineer (d/f/m) - 7-months temporary role,mobile.de,"Berlin, Berlin, Germany",https://de.linkedin.com/jobs/view/senior-fullstack-engineer-d-f-m-7-months-temporary-role-at-mobile-de-4182998380,Mid-Senior level
4217651268,(Junior) Cloud Engineer (m/w/d),TieTalent,"Heilbronn, Baden-W√ºrttemberg, Germany",https://de.linkedin.com/jobs/view/junior-cloud-engineer-m-w-d-at-tietalent-4217651268,Entry level
4137447273,Senior Software Engineer Python (all genders),adesso SE,"Hamburg, Hamburg, Germany",https://de.linkedin.com/jobs/view/senior-software-engineer-python-all-genders-at-adesso-se-4137447273,Mid-Senior level
4216011435,Software Developer Reporting. (m/w/d),ODAV AG,"Straubing, Bavaria, Germany",https://de.linkedin.com/jobs/view/software-developer-reporting-m-w-d-at-odav-ag-4216011435,Entry level
4195441359,Software Developer* Full Stack,inovex GmbH,Greater Munich Metropolitan Area,https://de.linkedin.com/jobs/view/software-developer-full-stack-at-inovex-gmbh-4195441359,Associate
4214202869,Software Engineer - Full Time (m/f/d),Monet,"Nuremberg, Bavaria, Germany",https://de.linkedin.com/jobs/view/software-engineer-full-time-m-f-d-at-monet-4214202869,Entry level
4217249966,Backend Developer (m/w/d),MOBIKO,"Munich, Bavaria, Germany",https://de.linkedin.com/jobs/view/backend-developer-m-w-d-at-mobiko-4217249966,Entry level
4190987222,Application Engineer - Integration Engineering,Applied Intuition,"Munich, Bavaria, Germany",https://de.linkedin.com/jobs/view/application-engineer-integration-engineering-at-applied-intuition-4190987222,Mid-Senior level
4216031881,Software Developer Full-Stack,CID,"Leipzig, Saxony, Germany",https://de.linkedin.com/jobs/view/software-developer-full-stack-at-cid-4216031881,Entry level
4218157987,Junior DevOps Engineer (m/w/d),TieTalent,"Neckarsulm, Baden-W√ºrttemberg, Germany",https://de.linkedin.com/jobs/view/junior-devops-engineer-m-w-d-at-tietalent-4218157987,Entry level
4216956749,Software Developer Kotlin/Java (m/f/d),Noerr,"W√ºrzburg, Bavaria, Germany",https://de.linkedin.com/jobs/view/software-developer-kotlin-java-m-f-d-at-noerr-4216956749,Entry level
3733036904,Software Developer MES / IIoT (all genders),adesso SE,"Neum√ºnster, Schleswig-Holstein, Germany",https://de.linkedin.com/jobs/view/software-developer-mes-iiot-all-genders-at-adesso-se-3733036904,Entry level
4215615150,Full Stack Developer,meetergo,Germany,https://de.linkedin.com/jobs/view/full-stack-developer-at-meetergo-4215615150,Associate
4217265886,Software Engineer (d/w/m),TieTalent,"Wetzlar, Hesse, Germany",https://de.linkedin.com/jobs/view/software-engineer-d-w-m-at-tietalent-4217265886,Mid-Senior level
4214272230,Fullstack Entwickler,Envidual,"Munich, Bavaria, Germany",https://de.linkedin.com/jobs/view/fullstack-entwickler-at-envidual-4214272230,Entry level
4217283781,Staff AI Engineer (m/f/d),IU International University of Applied Sciences,"Berlin, Berlin, Germany",https://de.linkedin.com/jobs/view/staff-ai-engineer-m-f-d-at-iu-international-university-of-applied-sciences-4217283781,Mid-Senior level
4217253774,(Lead) IoT Solutions Engineer (m/f/d),Peter Park,"Munich, Bavaria, Germany",https://de.linkedin.com/jobs/view/lead-iot-solutions-engineer-m-f-d-at-peter-park-4217253774,Mid-Senior level
4217208948,Entwicklungsingenieur Embedded Software (m/w/d),TIMUT,"Heidelberg, Baden-W√ºrttemberg, Germany",https://de.linkedin.com/jobs/view/entwicklungsingenieur-embedded-software-m-w-d-at-timut-4217208948,Associate
4214789189,Full Stack Developer (f/m/d),Tangany,"Munich, Bavaria, Germany",https://de.linkedin.com/jobs/view/full-stack-developer-f-m-d-at-tangany-4214789189,Associate
4214796817,"Odoo Entwickler/in; Remote oder vor Ort im B√ºro Hannover (Vollzeit/Teilzeit, m/w/d)",IFE Gesellschaft f√ºr Forschung und Entwicklung mbH,Germany,https://de.linkedin.com/jobs/view/odoo-entwickler-in-remote-oder-vor-ort-im-b%C3%BCro-hannover-vollzeit-teilzeit-m-w-d-at-ife-gesellschaft-f%C3%BCr-forschung-und-entwicklung-mbh-4214796817,Entry level
4218496786,Engineer - Quality Assurance (m/f/d),BioNTech SE,"Mainz, Rhineland-Palatinate, Germany",https://de.linkedin.com/jobs/view/engineer-quality-assurance-m-f-d-at-biontech-se-4218496786,Mid-Senior level
4214224724,Platform Engineer,YAZIO,Germany,https://de.linkedin.com/jobs/view/platform-engineer-at-yazio-4214224724,Mid-Senior level
4137442826,Senior Software Engineer Python (all genders),adesso SE,"Augsburg, Bavaria, Germany",https://de.linkedin.com/jobs/view/senior-software-engineer-python-all-genders-at-adesso-se-4137442826,Mid-Senior level
4137445432,Senior Software Engineer Python (all genders),adesso SE,"D√ºsseldorf, North Rhine-Westphalia, Germany",https://de.linkedin.com/jobs/view/senior-software-engineer-python-all-genders-at-adesso-se-4137445432,Mid-Senior level
4217290088,Staff AI Engineer (m/f/d),IU International University of Applied Sciences,"Hamburg, Hamburg, Germany",https://de.linkedin.com/jobs/view/staff-ai-engineer-m-f-d-at-iu-international-university-of-applied-sciences-4217290088,Mid-Senior level
4217252759,Werkstudium / Praxissemester Web Development,FarmAct,"Augsburg, Bavaria, Germany",https://de.linkedin.com/jobs/view/werkstudium-praxissemester-web-development-at-farmact-4217252759,Internship
4214968882,"Frontend Engineer, German-Speaking (C1/C2)",Muxon,"Neu Ulm, Bavaria, Germany",https://de.linkedin.com/jobs/view/frontend-engineer-german-speaking-c1-c2-at-muxon-4214968882,Mid-Senior level
4217272172,Software Engineer (d/w/m),TieTalent,"Darmstadt, Hesse, Germany",https://de.linkedin.com/jobs/view/software-engineer-d-w-m-at-tietalent-4217272172,Mid-Senior level
4184059158,Full Stack Developer,Honeywell,"Neuss, North Rhine-Westphalia, Germany",https://de.linkedin.com/jobs/view/full-stack-developer-at-honeywell-4184059158,Mid-Senior level
4214738941,Full Stack Developer,Optimus Search,"Stuttgart, Baden-W√ºrttemberg, Germany",https://de.linkedin.com/jobs/view/full-stack-developer-at-optimus-search-4214738941,Mid-Senior level
4215630634,Projektmitarbeiter / Doktorand (w/m/d) im Bereich Extended Reality,Albstadt-Sigmaringen University,"Albstadt, Baden-W√ºrttemberg, Germany",https://de.linkedin.com/jobs/view/projektmitarbeiter-doktorand-w-m-d-im-bereich-extended-reality-at-albstadt-sigmaringen-university-4215630634,Internship
4199451843,Software Engineer (w/m/d),ASSA ABLOY Group,"Ettenheim, Baden-W√ºrttemberg, Germany",https://de.linkedin.com/jobs/view/software-engineer-w-m-d-at-assa-abloy-group-4199451843,Associate
4218183663,Software Engineer (m/w/d),TieTalent,"Birkenfeld, Rhineland-Palatinate, Germany",https://de.linkedin.com/jobs/view/software-engineer-m-w-d-at-tietalent-4218183663,Entry level
4217250944,Fullstack Software Developer (w/m/d),neurocare group,"Munich, Bavaria, Germany",https://de.linkedin.com/jobs/view/fullstack-software-developer-w-m-d-at-neurocare-group-4217250944,Entry level
