urn,title,company,location,link
4208340911,Data Scientist (L5) - App QoE,Netflix,United States,https://www.linkedin.com/jobs/view/data-scientist-l5-app-qoe-at-netflix-4208340911
4211733043,Data Scientist I,Pinterest,United States,https://www.linkedin.com/jobs/view/data-scientist-i-at-pinterest-4211733043
4208158460,"Data Scientist, Product Analytics",Meta,"Chicago, IL",https://www.linkedin.com/jobs/view/data-scientist-product-analytics-at-meta-4208158460
4208950495,"Data Scientist, Product, Sustainability",Google,"San Francisco, CA",https://www.linkedin.com/jobs/view/data-scientist-product-sustainability-at-google-4208950495
4211646000,Data Scientist (L5) - Netflix Preview Club,Netflix,United States,https://www.linkedin.com/jobs/view/data-scientist-l5-netflix-preview-club-at-netflix-4211646000
4202438901,Growth Data Scientist/ Analyst,Crypto.com,United States,https://www.linkedin.com/jobs/view/growth-data-scientist-analyst-at-crypto-com-4202438901
4208949786,"Data Scientist, Product, Sustainability",Google,"Mountain View, CA",https://www.linkedin.com/jobs/view/data-scientist-product-sustainability-at-google-4208949786
4211726852,Data Scientist I,Pinterest,"San Francisco, CA",https://www.linkedin.com/jobs/view/data-scientist-i-at-pinterest-4211726852
4208983059,Data Scientist,DoorDash,"New York, United States",https://www.linkedin.com/jobs/view/data-scientist-at-doordash-4208983059
4214365517,"Data Scientist, GTM",Notion,"San Francisco, CA",https://www.linkedin.com/jobs/view/data-scientist-gtm-at-notion-4214365517
4210756145,Data Scientist,TechHuman,"Texas, United States",https://www.linkedin.com/jobs/view/data-scientist-at-techhuman-4210756145
4208662502,"Data Scientist, Finance",Meta,"Menlo Park, CA",https://www.linkedin.com/jobs/view/data-scientist-finance-at-meta-4208662502
4217977278,Data Scientist I,Uber,"San Francisco, CA",https://www.linkedin.com/jobs/view/data-scientist-i-at-uber-4217977278
4205234588,Data Scientist,Zest AI,United States,https://www.linkedin.com/jobs/view/data-scientist-at-zest-ai-4205234588
4217977277,Data Scientist I,Uber,"Sunnyvale, CA",https://www.linkedin.com/jobs/view/data-scientist-i-at-uber-4217977277
4206528274,Data Scientist,Walgreens,"Deerfield, IL",https://www.linkedin.com/jobs/view/data-scientist-at-walgreens-4206528274
4209335601,"Data Scientist, Fundamental Sector Data",CPP Investments | Investissements RPC,"New York, NY",https://www.linkedin.com/jobs/view/data-scientist-fundamental-sector-data-at-cpp-investments-investissements-rpc-4209335601
4205703219,"Graduate Intern, Data Scientist (Fall 2025)",Delta Air Lines,"Atlanta, GA",https://www.linkedin.com/jobs/view/graduate-intern-data-scientist-fall-2025-at-delta-air-lines-4205703219
4203694019,Scientist to Data Scientist,Patreon,"San Francisco, CA",https://www.linkedin.com/jobs/view/scientist-to-data-scientist-at-patreon-4203694019
4217611137,Associate Basketball Developer,Los Angeles Lakers,"El Segundo, CA",https://www.linkedin.com/jobs/view/associate-basketball-developer-at-los-angeles-lakers-4217611137
4209157110,Research Scientist,IBM,"Yorktown Heights, NY",https://www.linkedin.com/jobs/view/research-scientist-at-ibm-4209157110
4209890416,Machine Learning Engineer (L5) - Content and Studio,Netflix,United States,https://www.linkedin.com/jobs/view/machine-learning-engineer-l5-content-and-studio-at-netflix-4209890416
4209153448,Data Scientist,Two Sigma,"New York, United States",https://www.linkedin.com/jobs/view/data-scientist-at-two-sigma-4209153448
4204620975,Data Scientist 1,PayPal,"Chicago, IL",https://www.linkedin.com/jobs/view/data-scientist-1-at-paypal-4204620975
4215283855,"decision scientist, Coffeehouse Staffing, Scheduling & Analytics",Starbucks,"Seattle, WA",https://www.linkedin.com/jobs/view/decision-scientist-coffeehouse-staffing-scheduling-analytics-at-starbucks-4215283855
4211917486,Junior Artificial Intelligence (AI) / Machine Learning (ML) Engineer,PingWind Inc. (SDVOSB),Washington DC-Baltimore Area,https://www.linkedin.com/jobs/view/junior-artificial-intelligence-ai-machine-learning-ml-engineer-at-pingwind-inc-sdvosb-4211917486
4204526868,Machine Learning Engineer,Meta,San Francisco Bay Area,https://www.linkedin.com/jobs/view/machine-learning-engineer-at-meta-4204526868
4212333935,Data Scientist,Whitespace,"Alexandria, VA",https://www.linkedin.com/jobs/view/data-scientist-at-whitespace-4212333935
4204529354,Machine Learning Engineer,Meta,"New York, United States",https://www.linkedin.com/jobs/view/machine-learning-engineer-at-meta-4204529354
4213114552,"Data Scientist, Anti-Fraud",Robinhood,"Menlo Park, CA",https://www.linkedin.com/jobs/view/data-scientist-anti-fraud-at-robinhood-4213114552
4214652838,Data Scientist,Spear AI,"Washington, DC",https://www.linkedin.com/jobs/view/data-scientist-at-spear-ai-4214652838
4212114215,"Data Scientist, Business Innovation - Commercial Data Science",Johnson & Johnson,"Titusville, NJ",https://www.linkedin.com/jobs/view/data-scientist-business-innovation-commercial-data-science-at-johnson-johnson-4212114215
4202866253,Data Scientist,LTIMindtree,United States,https://www.linkedin.com/jobs/view/data-scientist-at-ltimindtree-4202866253
4214214641,Machine Learning Engineer (Junior),LogicMatrix - AI Staffing,"Florida, United States",https://www.linkedin.com/jobs/view/machine-learning-engineer-junior-at-logicmatrix-ai-staffing-4214214641
4215143631,"Data Scientist, Analytics - Tiktok",TikTok,"San Jose, CA",https://www.linkedin.com/jobs/view/data-scientist-analytics-tiktok-at-tiktok-4215143631
4212516710,Data Scientist (Junior),STI-TEC,"Arlington, VA",https://www.linkedin.com/jobs/view/data-scientist-junior-at-sti-tec-4212516710
4204280456,"Data Scientist, Sales",Moveworks,"Mountain View, CA",https://www.linkedin.com/jobs/view/data-scientist-sales-at-moveworks-4204280456
4213638599,Data Scientist (Part-time/Remote),Integral Health,New York City Metropolitan Area,https://www.linkedin.com/jobs/view/data-scientist-part-time-remote-at-integral-health-4213638599
4204530306,Machine Learning Engineer,Meta,"Seattle, WA",https://www.linkedin.com/jobs/view/machine-learning-engineer-at-meta-4204530306
4210911557,Data Scientist,Largeton Group,"Sunnyvale, CA",https://www.linkedin.com/jobs/view/data-scientist-at-largeton-group-4210911557
4211740993,AI/ML Researcher,Seer,San Francisco Bay Area,https://www.linkedin.com/jobs/view/ai-ml-researcher-at-seer-4211740993
4210100992,"Distinguished Data Scientist, ML/AI",LinkedIn,"Sunnyvale, CA",https://www.linkedin.com/jobs/view/distinguished-data-scientist-ml-ai-at-linkedin-4210100992
4204946439,Data Scientist,EVONA,"Boston, MA",https://www.linkedin.com/jobs/view/data-scientist-at-evona-4204946439
4206025572,Data Scientist,Discover International,New York City Metropolitan Area,https://www.linkedin.com/jobs/view/data-scientist-at-discover-international-4206025572
4211760489,Jr. Data Scientist,Matlen Silver,United States,https://www.linkedin.com/jobs/view/jr-data-scientist-at-matlen-silver-4211760489
4211123453,Machine Learning Engineer,Fractal,San Francisco Bay Area,https://www.linkedin.com/jobs/view/machine-learning-engineer-at-fractal-4211123453
4199470200,Senior Data Scientist,American Express,"New York, United States",https://www.linkedin.com/jobs/view/senior-data-scientist-at-american-express-4199470200
4210745148,Data Scientist,MORSE Corp,Greater Boston,https://www.linkedin.com/jobs/view/data-scientist-at-morse-corp-4210745148
4204524997,"Junior Data Scientist, Global Sourcing",The Wonderful Company,"Los Angeles, CA",https://www.linkedin.com/jobs/view/junior-data-scientist-global-sourcing-at-the-wonderful-company-4204524997
4213513940,Data Scientist,Skai,"New York, United States",https://www.linkedin.com/jobs/view/data-scientist-at-skai-4213513940
4209158874,Data Scientist 1,PayPal,"Austin, TX",https://www.linkedin.com/jobs/view/data-scientist-1-at-paypal-4209158874
4201866075,Data Scientist I,Sony,"Reston, VA",https://www.linkedin.com/jobs/view/data-scientist-i-at-sony-4201866075
4215010816,DoN Junior Data Scientist,"ELS, Inc.","Washington, DC",https://www.linkedin.com/jobs/view/don-junior-data-scientist-at-els-inc-4215010816
4214606882,"Applied AI/ML Data Scientist, Associate",Cerberus Capital Management,New York City Metropolitan Area,https://www.linkedin.com/jobs/view/applied-ai-ml-data-scientist-associate-at-cerberus-capital-management-4214606882
4206897267,Data Scientist,Shippo,United States,https://www.linkedin.com/jobs/view/data-scientist-at-shippo-4206897267
4210761763,Data Scientist,Inizio Partners,New York City Metropolitan Area,https://www.linkedin.com/jobs/view/data-scientist-at-inizio-partners-4210761763
4207916212,Data Scientist,Crowdwave,United States,https://www.linkedin.com/jobs/view/data-scientist-at-crowdwave-4207916212
4215930081,Data Science - Fraud Analytics,Straive,"San Jose, CA",https://www.linkedin.com/jobs/view/data-science-fraud-analytics-at-straive-4215930081
4205475254,Data Scientist,IPG Health,"New York, NY",https://www.linkedin.com/jobs/view/data-scientist-at-ipg-health-4205475254
4213647890,Clinical Data Scientist,Aequor,"South San Francisco, CA",https://www.linkedin.com/jobs/view/clinical-data-scientist-at-aequor-4213647890
4208601569,Junior Data Scientist,Motion Recruitment,"Los Angeles, CA",https://www.linkedin.com/jobs/view/junior-data-scientist-at-motion-recruitment-4208601569
4204482962,Data Scientist,Planet Technology,United States,https://www.linkedin.com/jobs/view/data-scientist-at-planet-technology-4204482962
4218186016,Data Scientist,Gauntlet,New York City Metropolitan Area,https://www.linkedin.com/jobs/view/data-scientist-at-gauntlet-4218186016
4210125605,Data Scientist,Redwood Materials,"Nevada, United States",https://www.linkedin.com/jobs/view/data-scientist-at-redwood-materials-4210125605
4214088994,Machine Learning Engineer,IUNU,"Seattle, WA",https://www.linkedin.com/jobs/view/machine-learning-engineer-at-iunu-4214088994
4214218315,Machine Learning Engineer (Junior),LogicMatrix - AI Staffing,"New York, NY",https://www.linkedin.com/jobs/view/machine-learning-engineer-junior-at-logicmatrix-ai-staffing-4214218315
4217634812,Growth Operations Data Scientist,Synergis,"Cupertino, CA",https://www.linkedin.com/jobs/view/growth-operations-data-scientist-at-synergis-4217634812
4205988455,Data Scientist,VantageScore®,Washington DC-Baltimore Area,https://www.linkedin.com/jobs/view/data-scientist-at-vantagescore%C2%AE-4205988455
4211029123,Data Scientist,Franklin Fitch,"Boston, MA",https://www.linkedin.com/jobs/view/data-scientist-at-franklin-fitch-4211029123
4213940916,Machine Learning Engineer,Protingent,"Sunnyvale, CA",https://www.linkedin.com/jobs/view/machine-learning-engineer-at-protingent-4213940916
4202439457,Machine Learning Engineer,VOIZ | voizworks.com,Buffalo-Niagara Falls Area,https://www.linkedin.com/jobs/view/machine-learning-engineer-at-voiz-voizworks-com-4202439457
4217281927,Machine Learning Engineer,Zearch,"Brooklyn, NY",https://www.linkedin.com/jobs/view/machine-learning-engineer-at-zearch-4217281927
4205253371,Data Scientist,Heidrick & Struggles,Washington DC-Baltimore Area,https://www.linkedin.com/jobs/view/data-scientist-at-heidrick-struggles-4205253371
4214219265,Machine Learning Engineer (Junior),LogicMatrix - AI Staffing,"New York, NY",https://www.linkedin.com/jobs/view/machine-learning-engineer-junior-at-logicmatrix-ai-staffing-4214219265
4215439824,Machine Learning Engineer,Hayward Hawk,"Manhattan, NY",https://www.linkedin.com/jobs/view/machine-learning-engineer-at-hayward-hawk-4215439824
4216749692,Data Scientist II,Attentive,"San Francisco, CA",https://www.linkedin.com/jobs/view/data-scientist-ii-at-attentive-4216749692
4214542189,Data Scientist,"MaxCyte, Inc.","Waltham, MA",https://www.linkedin.com/jobs/view/data-scientist-at-maxcyte-inc-4214542189
4207107507,Data Scientist - TikTok Live,TikTok,"San Jose, CA",https://www.linkedin.com/jobs/view/data-scientist-tiktok-live-at-tiktok-4207107507
4209166026,Data Scientist 1,PayPal,"Chicago, IL",https://www.linkedin.com/jobs/view/data-scientist-1-at-paypal-4209166026
4215961727,Data Scientist Intern,Triple Ring Technologies,"Boston, MA",https://www.linkedin.com/jobs/view/data-scientist-intern-at-triple-ring-technologies-4215961727
4214969853,Data Scientist,Radiant Digital,Washington DC-Baltimore Area,https://www.linkedin.com/jobs/view/data-scientist-at-radiant-digital-4214969853
4204864738,AI/ML Applied Data Scientist - Generative AI,SAP,"Newport Beach, CA",https://www.linkedin.com/jobs/view/ai-ml-applied-data-scientist-generative-ai-at-sap-4204864738
4210109325,Staff Data Scientist - Infrastructure,LinkedIn,"Sunnyvale, CA",https://www.linkedin.com/jobs/view/staff-data-scientist-infrastructure-at-linkedin-4210109325
4217622572,"Senior Data Scientist, Growth and Acquisition",Cash App,United States,https://www.linkedin.com/jobs/view/senior-data-scientist-growth-and-acquisition-at-cash-app-4217622572
4213623434,"Senior Data Scientist, Analytics",Etsy,"Brooklyn, NY",https://www.linkedin.com/jobs/view/senior-data-scientist-analytics-at-etsy-4213623434
4206827566,Data Scientist,Rhythm Innovations,"Sunrise, FL",https://www.linkedin.com/jobs/view/data-scientist-at-rhythm-innovations-4206827566
4209128519,"Data Scientist, Product",Thumbtack,United States,https://www.linkedin.com/jobs/view/data-scientist-product-at-thumbtack-4209128519
4210347055,Data Scientist,RealmOne,"Columbia, MD",https://www.linkedin.com/jobs/view/data-scientist-at-realmone-4210347055
4213607750,AI Research Scientist – GenAI,Bosch USA,"Sunnyvale, CA",https://www.linkedin.com/jobs/view/ai-research-scientist-%E2%80%93-genai-at-bosch-usa-4213607750
4217663663,Data Scientist,SoloPoint Solutions,"Tualatin, OR",https://www.linkedin.com/jobs/view/data-scientist-at-solopoint-solutions-4217663663
4210111145,Staff Data Scientist - Inference & Algorithms,LinkedIn,"Sunnyvale, CA",https://www.linkedin.com/jobs/view/staff-data-scientist-inference-algorithms-at-linkedin-4210111145
4218625712,Data Science Manager,Smoothstack,United States,https://www.linkedin.com/jobs/view/data-science-manager-at-smoothstack-4218625712
4208477126,Data Scientist (Visa Predictive Models),Visa,"Washington, DC",https://www.linkedin.com/jobs/view/data-scientist-visa-predictive-models-at-visa-4208477126
4206855227,Data Scientist,Orbis,"Chantilly, VA",https://www.linkedin.com/jobs/view/data-scientist-at-orbis-4206855227
4215935318,"Senior Data Scientist, Full-time, Days",Northwestern Medicine,"Chicago, IL",https://www.linkedin.com/jobs/view/senior-data-scientist-full-time-days-at-northwestern-medicine-4215935318
4213472657,Data Scientist Manager,Nexxen,"California, United States",https://www.linkedin.com/jobs/view/data-scientist-manager-at-nexxen-4213472657
4214942636,"Data Scientist, Product, Shopping, Consumer Shopping",Google,"Mountain View, CA",https://www.linkedin.com/jobs/view/data-scientist-product-shopping-consumer-shopping-at-google-4214942636
4213361928,Data Scientist,STONE Resource Group,Atlanta Metropolitan Area,https://www.linkedin.com/jobs/view/data-scientist-at-stone-resource-group-4213361928
4208438185,"Data Scientist, Time Series Forecasting",OpenAI,"San Francisco, CA",https://www.linkedin.com/jobs/view/data-scientist-time-series-forecasting-at-openai-4208438185
4203122835,Medical Data Scientist,Bluebird Staffing,"Florida, United States",https://www.linkedin.com/jobs/view/medical-data-scientist-at-bluebird-staffing-4203122835
4205785032,Data Scientist - Connected Intelligence,Qualtrics,"Seattle, WA",https://www.linkedin.com/jobs/view/data-scientist-connected-intelligence-at-qualtrics-4205785032
4215910751,Data Scientist,"nVision Global Technology Solutions, Inc.",United States,https://www.linkedin.com/jobs/view/data-scientist-at-nvision-global-technology-solutions-inc-4215910751
4205437424,Machine Learning Engineer,Payscale,United States,https://www.linkedin.com/jobs/view/machine-learning-engineer-at-payscale-4205437424
4216551736,Data Scientist 4,Kforce Inc,"Fremont, CA",https://www.linkedin.com/jobs/view/data-scientist-4-at-kforce-inc-4216551736
4216720911,Data Scientist II,Ascendion,"Santa Cruz, CA",https://www.linkedin.com/jobs/view/data-scientist-ii-at-ascendion-4216720911
4216903794,Machine Learning Engineer,tvScientific,"Los Angeles, CA",https://www.linkedin.com/jobs/view/machine-learning-engineer-at-tvscientific-4216903794
4203857132,Data Scientist - Agentic AI,Centific,"Redmond, WA",https://www.linkedin.com/jobs/view/data-scientist-agentic-ai-at-centific-4203857132
4212150988,Machine Learning Engineer,Digital Republic Talent,"New York, United States",https://www.linkedin.com/jobs/view/machine-learning-engineer-at-digital-republic-talent-4212150988
4209159578,Data Scientist 1,PayPal,"Scottsdale, AZ",https://www.linkedin.com/jobs/view/data-scientist-1-at-paypal-4209159578
4213242792,Data Scientist,Homethrive,"Northbrook, IL",https://www.linkedin.com/jobs/view/data-scientist-at-homethrive-4213242792
4214651850,Machine Learning Engineer,Kaizen Resourcing,New York City Metropolitan Area,https://www.linkedin.com/jobs/view/machine-learning-engineer-at-kaizen-resourcing-4214651850
4213091624,Senior Data Scientist,Public Storage,"Plano, TX",https://www.linkedin.com/jobs/view/senior-data-scientist-at-public-storage-4213091624
4216961218,Language Data Scientist,Ascendion,"Santa Clara, CA",https://www.linkedin.com/jobs/view/language-data-scientist-at-ascendion-4216961218
4216587206,Machine Learning Engineer,JAM,"Boston, MA",https://www.linkedin.com/jobs/view/machine-learning-engineer-at-jam-4216587206
4213123865,Data Scientist I,"Quantum Dynamics, Inc.","San Diego, CA",https://www.linkedin.com/jobs/view/data-scientist-i-at-quantum-dynamics-inc-4213123865
4211167797,Machine Learning Engineer,LMK Recruiting Solutions,"San Francisco, CA",https://www.linkedin.com/jobs/view/machine-learning-engineer-at-lmk-recruiting-solutions-4211167797
4213579032,AI Researcher,Cisco,San Francisco Bay Area,https://www.linkedin.com/jobs/view/ai-researcher-at-cisco-4213579032
4212010797,Data Scientist - II - (Remote - US),Jobgether,United States,https://www.linkedin.com/jobs/view/data-scientist-ii-remote-us-at-jobgether-4212010797
4212026739,Data Scientist,The Digital Recruitment Company,"New York, United States",https://www.linkedin.com/jobs/view/data-scientist-at-the-digital-recruitment-company-4212026739
4215157339,Applied AI Engineer & Researcher - Post Training,xAI,"San Francisco, CA",https://www.linkedin.com/jobs/view/applied-ai-engineer-researcher-post-training-at-xai-4215157339
4213396551,Machine Learning Engineer,ProRank,"Cupertino, CA",https://www.linkedin.com/jobs/view/machine-learning-engineer-at-prorank-4213396551
4212174993,Government Data Scientist,Zendr,"Virginia, United States",https://www.linkedin.com/jobs/view/government-data-scientist-at-zendr-4212174993
4205467359,Data Scientist,KellyMitchell Group,"Irving, TX",https://www.linkedin.com/jobs/view/data-scientist-at-kellymitchell-group-4205467359
4215380724,ML Research Scientist,Seer,"New York, United States",https://www.linkedin.com/jobs/view/ml-research-scientist-at-seer-4215380724
4212837469,"Data Scientist III, Product, Operations Data Science",Google,"Sunnyvale, CA",https://www.linkedin.com/jobs/view/data-scientist-iii-product-operations-data-science-at-google-4212837469
4115550653,"Data Scientist, People Analytics",Adobe,"San Jose, CA",https://www.linkedin.com/jobs/view/data-scientist-people-analytics-at-adobe-4115550653
4213652892,Data Scientist,Insight Global,United States,https://www.linkedin.com/jobs/view/data-scientist-at-insight-global-4213652892
4208331605,Machine Learning - Data Scientist,Acceler8 Talent,United States,https://www.linkedin.com/jobs/view/machine-learning-data-scientist-at-acceler8-talent-4208331605
4205222630,Machine Learning Engineer,Lumicity,San Francisco Bay Area,https://www.linkedin.com/jobs/view/machine-learning-engineer-at-lumicity-4205222630
4215106144,Machine Learning Engineer with Generative AI,PETADATA,"Las Vegas, NV",https://www.linkedin.com/jobs/view/machine-learning-engineer-with-generative-ai-at-petadata-4215106144
4208334377,Research Associate Data Scientist,Gandhi Centre for Inclusive Innovation,"Only, TN",https://www.linkedin.com/jobs/view/research-associate-data-scientist-at-gandhi-centre-for-inclusive-innovation-4208334377
4207068810,"Data Scientist, Analytics - Trust & Safety - San Jose",TikTok,"San Jose, CA",https://www.linkedin.com/jobs/view/data-scientist-analytics-trust-safety-san-jose-at-tiktok-4207068810
4214829584,Machine Learning Engineer,Tanoshii,San Francisco Bay Area,https://www.linkedin.com/jobs/view/machine-learning-engineer-at-tanoshii-4214829584
4211114796,Data Scientist,Hirextra -World's First Staffing Aggregator,"San Francisco, CA",https://www.linkedin.com/jobs/view/data-scientist-at-hirextra-world-s-first-staffing-aggregator-4211114796
4212818601,Associate Data Scientist,TechWish,"Vienna, VA",https://www.linkedin.com/jobs/view/associate-data-scientist-at-techwish-4212818601
4214366250,Analytical Data Scientist,Genentech,"South San Francisco, CA",https://www.linkedin.com/jobs/view/analytical-data-scientist-at-genentech-4214366250
4204757689,Data Scientist - Manufacturing,Weyerhaeuser,"Seattle, WA",https://www.linkedin.com/jobs/view/data-scientist-manufacturing-at-weyerhaeuser-4204757689
4212525409,Data Scientist,Verizon,"Basking Ridge, NJ",https://www.linkedin.com/jobs/view/data-scientist-at-verizon-4212525409
4212519874,Data Scientist,Verizon,"Irving, TX",https://www.linkedin.com/jobs/view/data-scientist-at-verizon-4212519874
4216741690,Machine Learning Data Scientist,Norgate Technology,United States,https://www.linkedin.com/jobs/view/machine-learning-data-scientist-at-norgate-technology-4216741690
4207692316,Data Scientist,Danta Technologies,"Irving, TX",https://www.linkedin.com/jobs/view/data-scientist-at-danta-technologies-4207692316
4206622407,Machine Learning Engineer,dynamism vc,San Francisco Bay Area,https://www.linkedin.com/jobs/view/machine-learning-engineer-at-dynamism-vc-4206622407
4208819351,Data Scientist,Tacoma Public Utilities,"Tacoma, WA",https://www.linkedin.com/jobs/view/data-scientist-at-tacoma-public-utilities-4208819351
4215121567,Data Scientist I - ML,Cotiviti,United States,https://www.linkedin.com/jobs/view/data-scientist-i-ml-at-cotiviti-4215121567
4206882446,"Senior Data Scientist, Research",Google,"New York, NY",https://www.linkedin.com/jobs/view/senior-data-scientist-research-at-google-4206882446
4205960402,"Principal, Data Scientist/Economist - Workforce Intelligence & Insights",Walmart,"Bentonville, AR",https://www.linkedin.com/jobs/view/principal-data-scientist-economist-workforce-intelligence-insights-at-walmart-4205960402
4216003885,AI Systems and ML Scientist,Sanofi,"Framingham, MA",https://www.linkedin.com/jobs/view/ai-systems-and-ml-scientist-at-sanofi-4216003885
4206567202,Data Scientist,HireMinds,"Portland, Maine Metropolitan Area",https://www.linkedin.com/jobs/view/data-scientist-at-hireminds-4206567202
4215943082,Senior Data Scientist,XOi,United States,https://www.linkedin.com/jobs/view/senior-data-scientist-at-xoi-4215943082
4211684121,Data Scientist,Johnson & Johnson MedTech,"Santa Clara, CA",https://www.linkedin.com/jobs/view/data-scientist-at-johnson-johnson-medtech-4211684121
4207708801,"Senior Scientist, Translational Research",Bristol Myers Squibb,"Cambridge, MA",https://www.linkedin.com/jobs/view/senior-scientist-translational-research-at-bristol-myers-squibb-4207708801
4204410371,Data Scientist,Infosys,"Alpharetta, GA",https://www.linkedin.com/jobs/view/data-scientist-at-infosys-4204410371
4210878859,Machine Learning Engineer,Pacer Staffing,"Washington, DC",https://www.linkedin.com/jobs/view/machine-learning-engineer-at-pacer-staffing-4210878859
4204584433,Data Scientist,Tata Consultancy Services,"Rosemead, CA",https://www.linkedin.com/jobs/view/data-scientist-at-tata-consultancy-services-4204584433
4211059086,Data Scientist - Recommendation Algorithms,Stitch Fix,United States,https://www.linkedin.com/jobs/view/data-scientist-recommendation-algorithms-at-stitch-fix-4211059086
4203180360,Data Scientist,Malin,"Addison, TX",https://www.linkedin.com/jobs/view/data-scientist-at-malin-4203180360
4202011147,Machine Learning Researcher,Discover International,"New York, NY",https://www.linkedin.com/jobs/view/machine-learning-researcher-at-discover-international-4202011147
4205229821,Data Scientist,RightClick,"Fairfield County, CT",https://www.linkedin.com/jobs/view/data-scientist-at-rightclick-4205229821
4215901664,Machine Learning Scientist,"Coalition, Inc.",United States,https://www.linkedin.com/jobs/view/machine-learning-scientist-at-coalition-inc-4215901664
4208830320,Principal Data Scientist,Slack,"New York, NY",https://www.linkedin.com/jobs/view/principal-data-scientist-at-slack-4208830320
4216736265,Data Scientist,Recru,"Houston, TX",https://www.linkedin.com/jobs/view/data-scientist-at-recru-4216736265
4210316402,Data Scientist,Jenn Nguyen and Friends,"San Francisco, CA",https://www.linkedin.com/jobs/view/data-scientist-at-jenn-nguyen-and-friends-4210316402
4217605109,Data Science Specialist,Techgene Solutions,"Texas, United States",https://www.linkedin.com/jobs/view/data-science-specialist-at-techgene-solutions-4217605109
4217996867,Data Science Analyst,Discover Financial Services,"Riverwoods, IL",https://www.linkedin.com/jobs/view/data-science-analyst-at-discover-financial-services-4217996867
4210156840,Machine Learning Engineer,mbue,"Austin, Texas Metropolitan Area",https://www.linkedin.com/jobs/view/machine-learning-engineer-at-mbue-4210156840
4213898843,Senior Data Scientist (AdTech),Nexxen,"California, United States",https://www.linkedin.com/jobs/view/senior-data-scientist-adtech-at-nexxen-4213898843
4203857849,Machine Learning Engineer - Generative AI,Qualcomm,"San Diego, CA",https://www.linkedin.com/jobs/view/machine-learning-engineer-generative-ai-at-qualcomm-4203857849
4210610008,Machine Learning Engineer,OMW Consulting,Washington DC-Baltimore Area,https://www.linkedin.com/jobs/view/machine-learning-engineer-at-omw-consulting-4210610008
4212867885,Data Scientist,Zip,"San Francisco, CA",https://www.linkedin.com/jobs/view/data-scientist-at-zip-4212867885
4208158463,"AI Research Scientist, Language - Reality Labs",Meta,"New York, NY",https://www.linkedin.com/jobs/view/ai-research-scientist-language-reality-labs-at-meta-4208158463
4209124157,Data Scientist,"VMC Soft Technologies, Inc","Cupertino, CA",https://www.linkedin.com/jobs/view/data-scientist-at-vmc-soft-technologies-inc-4209124157
4211046316,Data Scientist,"Cintal, Inc.",Peoria Metropolitan Area,https://www.linkedin.com/jobs/view/data-scientist-at-cintal-inc-4211046316
4215932649,"Senior Machine Learning Engineer, Full-time, Days",Northwestern Medicine,"Chicago, IL",https://www.linkedin.com/jobs/view/senior-machine-learning-engineer-full-time-days-at-northwestern-medicine-4215932649
4210940507,Data Scientist,McKesson,"Richmond, VA",https://www.linkedin.com/jobs/view/data-scientist-at-mckesson-4210940507
4211124542,Senior Staff Data Scientist - Experimentation Platform,LinkedIn,"Sunnyvale, CA",https://www.linkedin.com/jobs/view/senior-staff-data-scientist-experimentation-platform-at-linkedin-4211124542
4209165812,Machine Learning Engineer - Remote (Healthcare focused),WVU Medicine,"Core, WV",https://www.linkedin.com/jobs/view/machine-learning-engineer-remote-healthcare-focused-at-wvu-medicine-4209165812
4209799580,Data Scientist,Plasmidsaurus,"South San Francisco, CA",https://www.linkedin.com/jobs/view/data-scientist-at-plasmidsaurus-4209799580
4212518333,Senior Data Scientist,STI-TEC,"Arlington, VA",https://www.linkedin.com/jobs/view/senior-data-scientist-at-sti-tec-4212518333
4218626584,Machine Learning Scientist,Strativ Group,United States,https://www.linkedin.com/jobs/view/machine-learning-scientist-at-strativ-group-4218626584
4204732569,Research Scientist,Zoom,"San Jose, CA",https://www.linkedin.com/jobs/view/research-scientist-at-zoom-4204732569
4210046039,Machine Learning Engineer,PayPal,"San Jose, CA",https://www.linkedin.com/jobs/view/machine-learning-engineer-at-paypal-4210046039
4211397876,Product Data Scientist,Synechron,"Jersey City, NJ",https://www.linkedin.com/jobs/view/product-data-scientist-at-synechron-4211397876
4208512764,Data Scientist II AI/ML(remote),Claritev,"Bedford, MA",https://www.linkedin.com/jobs/view/data-scientist-ii-ai-ml-remote-at-claritev-4208512764
4215382493,Machine Learning Researchers (Open-Endedness) - Open Level,Lila Sciences,"San Francisco, CA",https://www.linkedin.com/jobs/view/machine-learning-researchers-open-endedness-open-level-at-lila-sciences-4215382493
4214191719,"Data Scientist, Customer Analytics & VoC",Adobe,"San Jose, CA",https://www.linkedin.com/jobs/view/data-scientist-customer-analytics-voc-at-adobe-4214191719
4211491155,Research Scientist,FAR.AI,United States,https://www.linkedin.com/jobs/view/research-scientist-at-far-ai-4211491155
4218648217,"Data Scientist, Associate",Texas Children's Hospital,"Houston, TX",https://www.linkedin.com/jobs/view/data-scientist-associate-at-texas-children-s-hospital-4218648217
4204245947,"Data Scientist, FinOps - Global Data Analytics",Amazon,"Arlington, VA",https://www.linkedin.com/jobs/view/data-scientist-finops-global-data-analytics-at-amazon-4204245947
4209782330,Machine Learning Model Engineer,Samsung Ads,"Mountain View, CA",https://www.linkedin.com/jobs/view/machine-learning-model-engineer-at-samsung-ads-4209782330
4208080652,Machine Learning Engineer,Insight Global,United States,https://www.linkedin.com/jobs/view/machine-learning-engineer-at-insight-global-4208080652
4213132751,"Data Scientist, Product Analytics - Retail Analytics",Meta,"Burlingame, CA",https://www.linkedin.com/jobs/view/data-scientist-product-analytics-retail-analytics-at-meta-4213132751
4217451832,Genomic Data Scientist,Bionano,United States,https://www.linkedin.com/jobs/view/genomic-data-scientist-at-bionano-4217451832
4212086979,Data Scientist (Remote),Progressive Leasing,United States,https://www.linkedin.com/jobs/view/data-scientist-remote-at-progressive-leasing-4212086979
4211082457,Data Scientist Level 2,BTS,"Columbia, MD",https://www.linkedin.com/jobs/view/data-scientist-level-2-at-bts-4211082457
4215011871,DoN Senior Data Scientist,"ELS, Inc.","Washington, DC",https://www.linkedin.com/jobs/view/don-senior-data-scientist-at-els-inc-4215011871
4205223861,Machine Learning Engineer,Acceler8 Talent,"Palo Alto, CA",https://www.linkedin.com/jobs/view/machine-learning-engineer-at-acceler8-talent-4205223861
4212531323,Data Scientist,Utah Transit Authority,"Salt Lake City, UT",https://www.linkedin.com/jobs/view/data-scientist-at-utah-transit-authority-4212531323
4209919537,Data Scientist - II,Socure,United States,https://www.linkedin.com/jobs/view/data-scientist-ii-at-socure-4209919537
4215382494,Machine Learning Engineers - Open Level,Lila Sciences,"Cambridge, MA",https://www.linkedin.com/jobs/view/machine-learning-engineers-open-level-at-lila-sciences-4215382494
4215371651,Data Scientist,L.E.K. Consulting,"New York, NY",https://www.linkedin.com/jobs/view/data-scientist-at-l-e-k-consulting-4215371651
